Total Nacional;Comunidades y Ciudades Autónomas;Provincias;Régimen y estado;Periodo;Total
Total Nacional;01 Andalucía;04 Almería;Viviendas: Total;2021M12;1.171
Total Nacional;01 Andalucía;04 Almería;Viviendas: Total;2021M11;1.252
Total Nacional;01 Andalucía;04 Almería;Viviendas: Total;2021M10;1.017
Total Nacional;01 Andalucía;04 Almería;Viviendas: Total;2021M09;1.601
Total Nacional;01 Andalucía;04 Almería;Viviendas: Total;2021M08;1.193
Total Nacional;01 Andalucía;04 Almería;Viviendas: Total;2021M07;1.544
Total Nacional;01 Andalucía;04 Almería;Viviendas: Total;2021M06;1.008
Total Nacional;01 Andalucía;04 Almería;Viviendas: Total;2021M05;1.165
Total Nacional;01 Andalucía;04 Almería;Viviendas: Total;2021M04;915
Total Nacional;01 Andalucía;04 Almería;Viviendas: Total;2021M03;802
Total Nacional;01 Andalucía;04 Almería;Viviendas: Total;2021M02;895
Total Nacional;01 Andalucía;04 Almería;Viviendas: Total;2021M01;906
Total Nacional;01 Andalucía;11 Cádiz;Viviendas: Total;2021M12;1.443
Total Nacional;01 Andalucía;11 Cádiz;Viviendas: Total;2021M11;1.531
Total Nacional;01 Andalucía;11 Cádiz;Viviendas: Total;2021M10;1.377
Total Nacional;01 Andalucía;11 Cádiz;Viviendas: Total;2021M09;1.712
Total Nacional;01 Andalucía;11 Cádiz;Viviendas: Total;2021M08;1.458
Total Nacional;01 Andalucía;11 Cádiz;Viviendas: Total;2021M07;1.404
Total Nacional;01 Andalucía;11 Cádiz;Viviendas: Total;2021M06;1.592
Total Nacional;01 Andalucía;11 Cádiz;Viviendas: Total;2021M05;1.325
Total Nacional;01 Andalucía;11 Cádiz;Viviendas: Total;2021M04;1.244
Total Nacional;01 Andalucía;11 Cádiz;Viviendas: Total;2021M03;1.193
Total Nacional;01 Andalucía;11 Cádiz;Viviendas: Total;2021M02;1.154
Total Nacional;01 Andalucía;11 Cádiz;Viviendas: Total;2021M01;1.138
Total Nacional;01 Andalucía;14 Córdoba;Viviendas: Total;2021M12;618
Total Nacional;01 Andalucía;14 Córdoba;Viviendas: Total;2021M11;708
Total Nacional;01 Andalucía;14 Córdoba;Viviendas: Total;2021M10;549
Total Nacional;01 Andalucía;14 Córdoba;Viviendas: Total;2021M09;790
Total Nacional;01 Andalucía;14 Córdoba;Viviendas: Total;2021M08;601
Total Nacional;01 Andalucía;14 Córdoba;Viviendas: Total;2021M07;624
Total Nacional;01 Andalucía;14 Córdoba;Viviendas: Total;2021M06;706
Total Nacional;01 Andalucía;14 Córdoba;Viviendas: Total;2021M05;656
Total Nacional;01 Andalucía;14 Córdoba;Viviendas: Total;2021M04;687
Total Nacional;01 Andalucía;14 Córdoba;Viviendas: Total;2021M03;613
Total Nacional;01 Andalucía;14 Córdoba;Viviendas: Total;2021M02;612
Total Nacional;01 Andalucía;14 Córdoba;Viviendas: Total;2021M01;514
Total Nacional;01 Andalucía;18 Granada;Viviendas: Total;2021M12;1.105
Total Nacional;01 Andalucía;18 Granada;Viviendas: Total;2021M11;979
Total Nacional;01 Andalucía;18 Granada;Viviendas: Total;2021M10;1.003
Total Nacional;01 Andalucía;18 Granada;Viviendas: Total;2021M09;1.136
Total Nacional;01 Andalucía;18 Granada;Viviendas: Total;2021M08;1.049
Total Nacional;01 Andalucía;18 Granada;Viviendas: Total;2021M07;1.085
Total Nacional;01 Andalucía;18 Granada;Viviendas: Total;2021M06;1.114
Total Nacional;01 Andalucía;18 Granada;Viviendas: Total;2021M05;950
Total Nacional;01 Andalucía;18 Granada;Viviendas: Total;2021M04;851
Total Nacional;01 Andalucía;18 Granada;Viviendas: Total;2021M03;932
Total Nacional;01 Andalucía;18 Granada;Viviendas: Total;2021M02;994
Total Nacional;01 Andalucía;18 Granada;Viviendas: Total;2021M01;844
Total Nacional;01 Andalucía;21 Huelva;Viviendas: Total;2021M12;702
Total Nacional;01 Andalucía;21 Huelva;Viviendas: Total;2021M11;665
Total Nacional;01 Andalucía;21 Huelva;Viviendas: Total;2021M10;666
Total Nacional;01 Andalucía;21 Huelva;Viviendas: Total;2021M09;702
Total Nacional;01 Andalucía;21 Huelva;Viviendas: Total;2021M08;622
Total Nacional;01 Andalucía;21 Huelva;Viviendas: Total;2021M07;685
Total Nacional;01 Andalucía;21 Huelva;Viviendas: Total;2021M06;636
Total Nacional;01 Andalucía;21 Huelva;Viviendas: Total;2021M05;547
Total Nacional;01 Andalucía;21 Huelva;Viviendas: Total;2021M04;495
Total Nacional;01 Andalucía;21 Huelva;Viviendas: Total;2021M03;516
Total Nacional;01 Andalucía;21 Huelva;Viviendas: Total;2021M02;455
Total Nacional;01 Andalucía;21 Huelva;Viviendas: Total;2021M01;507
Total Nacional;01 Andalucía;23 Jaén;Viviendas: Total;2021M12;464
Total Nacional;01 Andalucía;23 Jaén;Viviendas: Total;2021M11;453
Total Nacional;01 Andalucía;23 Jaén;Viviendas: Total;2021M10;424
Total Nacional;01 Andalucía;23 Jaén;Viviendas: Total;2021M09;540
Total Nacional;01 Andalucía;23 Jaén;Viviendas: Total;2021M08;433
Total Nacional;01 Andalucía;23 Jaén;Viviendas: Total;2021M07;412
Total Nacional;01 Andalucía;23 Jaén;Viviendas: Total;2021M06;493
Total Nacional;01 Andalucía;23 Jaén;Viviendas: Total;2021M05;444
Total Nacional;01 Andalucía;23 Jaén;Viviendas: Total;2021M04;435
Total Nacional;01 Andalucía;23 Jaén;Viviendas: Total;2021M03;440
Total Nacional;01 Andalucía;23 Jaén;Viviendas: Total;2021M02;455
Total Nacional;01 Andalucía;23 Jaén;Viviendas: Total;2021M01;443
Total Nacional;01 Andalucía;29 Málaga;Viviendas: Total;2021M12;3.366
Total Nacional;01 Andalucía;29 Málaga;Viviendas: Total;2021M11;3.221
Total Nacional;01 Andalucía;29 Málaga;Viviendas: Total;2021M10;2.800
Total Nacional;01 Andalucía;29 Málaga;Viviendas: Total;2021M09;3.218
Total Nacional;01 Andalucía;29 Málaga;Viviendas: Total;2021M08;3.246
Total Nacional;01 Andalucía;29 Málaga;Viviendas: Total;2021M07;2.789
Total Nacional;01 Andalucía;29 Málaga;Viviendas: Total;2021M06;2.624
Total Nacional;01 Andalucía;29 Málaga;Viviendas: Total;2021M05;2.452
Total Nacional;01 Andalucía;29 Málaga;Viviendas: Total;2021M04;2.183
Total Nacional;01 Andalucía;29 Málaga;Viviendas: Total;2021M03;2.378
Total Nacional;01 Andalucía;29 Málaga;Viviendas: Total;2021M02;2.433
Total Nacional;01 Andalucía;29 Málaga;Viviendas: Total;2021M01;2.429
Total Nacional;01 Andalucía;41 Sevilla;Viviendas: Total;2021M12;1.857
Total Nacional;01 Andalucía;41 Sevilla;Viviendas: Total;2021M11;2.256
Total Nacional;01 Andalucía;41 Sevilla;Viviendas: Total;2021M10;1.925
Total Nacional;01 Andalucía;41 Sevilla;Viviendas: Total;2021M09;2.021
Total Nacional;01 Andalucía;41 Sevilla;Viviendas: Total;2021M08;1.757
Total Nacional;01 Andalucía;41 Sevilla;Viviendas: Total;2021M07;1.726
Total Nacional;01 Andalucía;41 Sevilla;Viviendas: Total;2021M06;1.824
Total Nacional;01 Andalucía;41 Sevilla;Viviendas: Total;2021M05;1.954
Total Nacional;01 Andalucía;41 Sevilla;Viviendas: Total;2021M04;1.776
Total Nacional;01 Andalucía;41 Sevilla;Viviendas: Total;2021M03;2.062
Total Nacional;01 Andalucía;41 Sevilla;Viviendas: Total;2021M02;1.686
Total Nacional;01 Andalucía;41 Sevilla;Viviendas: Total;2021M01;1.610
Total Nacional;02 Aragón;22 Huesca;Viviendas: Total;2021M12;255
Total Nacional;02 Aragón;22 Huesca;Viviendas: Total;2021M11;280
Total Nacional;02 Aragón;22 Huesca;Viviendas: Total;2021M10;213
Total Nacional;02 Aragón;22 Huesca;Viviendas: Total;2021M09;298
Total Nacional;02 Aragón;22 Huesca;Viviendas: Total;2021M08;236
Total Nacional;02 Aragón;22 Huesca;Viviendas: Total;2021M07;260
Total Nacional;02 Aragón;22 Huesca;Viviendas: Total;2021M06;239
Total Nacional;02 Aragón;22 Huesca;Viviendas: Total;2021M05;205
Total Nacional;02 Aragón;22 Huesca;Viviendas: Total;2021M04;200
Total Nacional;02 Aragón;22 Huesca;Viviendas: Total;2021M03;195
Total Nacional;02 Aragón;22 Huesca;Viviendas: Total;2021M02;220
Total Nacional;02 Aragón;22 Huesca;Viviendas: Total;2021M01;319
Total Nacional;02 Aragón;44 Teruel;Viviendas: Total;2021M12;79
Total Nacional;02 Aragón;44 Teruel;Viviendas: Total;2021M11;119
Total Nacional;02 Aragón;44 Teruel;Viviendas: Total;2021M10;105
Total Nacional;02 Aragón;44 Teruel;Viviendas: Total;2021M09;110
Total Nacional;02 Aragón;44 Teruel;Viviendas: Total;2021M08;113
Total Nacional;02 Aragón;44 Teruel;Viviendas: Total;2021M07;110
Total Nacional;02 Aragón;44 Teruel;Viviendas: Total;2021M06;114
Total Nacional;02 Aragón;44 Teruel;Viviendas: Total;2021M05;95
Total Nacional;02 Aragón;44 Teruel;Viviendas: Total;2021M04;84
Total Nacional;02 Aragón;44 Teruel;Viviendas: Total;2021M03;101
Total Nacional;02 Aragón;44 Teruel;Viviendas: Total;2021M02;107
Total Nacional;02 Aragón;44 Teruel;Viviendas: Total;2021M01;96
Total Nacional;02 Aragón;50 Zaragoza;Viviendas: Total;2021M12;896
Total Nacional;02 Aragón;50 Zaragoza;Viviendas: Total;2021M11;784
Total Nacional;02 Aragón;50 Zaragoza;Viviendas: Total;2021M10;772
Total Nacional;02 Aragón;50 Zaragoza;Viviendas: Total;2021M09;966
Total Nacional;02 Aragón;50 Zaragoza;Viviendas: Total;2021M08;904
Total Nacional;02 Aragón;50 Zaragoza;Viviendas: Total;2021M07;872
Total Nacional;02 Aragón;50 Zaragoza;Viviendas: Total;2021M06;1.082
Total Nacional;02 Aragón;50 Zaragoza;Viviendas: Total;2021M05;1.252
Total Nacional;02 Aragón;50 Zaragoza;Viviendas: Total;2021M04;776
Total Nacional;02 Aragón;50 Zaragoza;Viviendas: Total;2021M03;904
Total Nacional;02 Aragón;50 Zaragoza;Viviendas: Total;2021M02;775
Total Nacional;02 Aragón;50 Zaragoza;Viviendas: Total;2021M01;799
Total Nacional;03 Asturias, Principado de;33 Asturias;Viviendas: Total;2021M12;784
Total Nacional;03 Asturias, Principado de;33 Asturias;Viviendas: Total;2021M11;777
Total Nacional;03 Asturias, Principado de;33 Asturias;Viviendas: Total;2021M10;747
Total Nacional;03 Asturias, Principado de;33 Asturias;Viviendas: Total;2021M09;810
Total Nacional;03 Asturias, Principado de;33 Asturias;Viviendas: Total;2021M08;740
Total Nacional;03 Asturias, Principado de;33 Asturias;Viviendas: Total;2021M07;849
Total Nacional;03 Asturias, Principado de;33 Asturias;Viviendas: Total;2021M06;815
Total Nacional;03 Asturias, Principado de;33 Asturias;Viviendas: Total;2021M05;805
Total Nacional;03 Asturias, Principado de;33 Asturias;Viviendas: Total;2021M04;721
Total Nacional;03 Asturias, Principado de;33 Asturias;Viviendas: Total;2021M03;814
Total Nacional;03 Asturias, Principado de;33 Asturias;Viviendas: Total;2021M02;812
Total Nacional;03 Asturias, Principado de;33 Asturias;Viviendas: Total;2021M01;732
Total Nacional;04 Balears, Illes;07 Balears, Illes;Viviendas: Total;2021M12;1.430
Total Nacional;04 Balears, Illes;07 Balears, Illes;Viviendas: Total;2021M11;1.525
Total Nacional;04 Balears, Illes;07 Balears, Illes;Viviendas: Total;2021M10;1.289
Total Nacional;04 Balears, Illes;07 Balears, Illes;Viviendas: Total;2021M09;1.306
Total Nacional;04 Balears, Illes;07 Balears, Illes;Viviendas: Total;2021M08;1.510
Total Nacional;04 Balears, Illes;07 Balears, Illes;Viviendas: Total;2021M07;1.106
Total Nacional;04 Balears, Illes;07 Balears, Illes;Viviendas: Total;2021M06;1.125
Total Nacional;04 Balears, Illes;07 Balears, Illes;Viviendas: Total;2021M05;1.049
Total Nacional;04 Balears, Illes;07 Balears, Illes;Viviendas: Total;2021M04;933
Total Nacional;04 Balears, Illes;07 Balears, Illes;Viviendas: Total;2021M03;969
Total Nacional;04 Balears, Illes;07 Balears, Illes;Viviendas: Total;2021M02;996
Total Nacional;04 Balears, Illes;07 Balears, Illes;Viviendas: Total;2021M01;930
Total Nacional;05 Canarias;35 Palmas, Las;Viviendas: Total;2021M12;942
Total Nacional;05 Canarias;35 Palmas, Las;Viviendas: Total;2021M11;972
Total Nacional;05 Canarias;35 Palmas, Las;Viviendas: Total;2021M10;844
Total Nacional;05 Canarias;35 Palmas, Las;Viviendas: Total;2021M09;987
Total Nacional;05 Canarias;35 Palmas, Las;Viviendas: Total;2021M08;959
Total Nacional;05 Canarias;35 Palmas, Las;Viviendas: Total;2021M07;989
Total Nacional;05 Canarias;35 Palmas, Las;Viviendas: Total;2021M06;922
Total Nacional;05 Canarias;35 Palmas, Las;Viviendas: Total;2021M05;921
Total Nacional;05 Canarias;35 Palmas, Las;Viviendas: Total;2021M04;826
Total Nacional;05 Canarias;35 Palmas, Las;Viviendas: Total;2021M03;1.037
Total Nacional;05 Canarias;35 Palmas, Las;Viviendas: Total;2021M02;757
Total Nacional;05 Canarias;35 Palmas, Las;Viviendas: Total;2021M01;758
Total Nacional;05 Canarias;38 Santa Cruz de Tenerife;Viviendas: Total;2021M12;992
Total Nacional;05 Canarias;38 Santa Cruz de Tenerife;Viviendas: Total;2021M11;1.030
Total Nacional;05 Canarias;38 Santa Cruz de Tenerife;Viviendas: Total;2021M10;746
Total Nacional;05 Canarias;38 Santa Cruz de Tenerife;Viviendas: Total;2021M09;953
Total Nacional;05 Canarias;38 Santa Cruz de Tenerife;Viviendas: Total;2021M08;804
Total Nacional;05 Canarias;38 Santa Cruz de Tenerife;Viviendas: Total;2021M07;915
Total Nacional;05 Canarias;38 Santa Cruz de Tenerife;Viviendas: Total;2021M06;869
Total Nacional;05 Canarias;38 Santa Cruz de Tenerife;Viviendas: Total;2021M05;866
Total Nacional;05 Canarias;38 Santa Cruz de Tenerife;Viviendas: Total;2021M04;669
Total Nacional;05 Canarias;38 Santa Cruz de Tenerife;Viviendas: Total;2021M03;716
Total Nacional;05 Canarias;38 Santa Cruz de Tenerife;Viviendas: Total;2021M02;639
Total Nacional;05 Canarias;38 Santa Cruz de Tenerife;Viviendas: Total;2021M01;688
Total Nacional;06 Cantabria;39 Cantabria;Viviendas: Total;2021M12;684
Total Nacional;06 Cantabria;39 Cantabria;Viviendas: Total;2021M11;771
Total Nacional;06 Cantabria;39 Cantabria;Viviendas: Total;2021M10;730
Total Nacional;06 Cantabria;39 Cantabria;Viviendas: Total;2021M09;679
Total Nacional;06 Cantabria;39 Cantabria;Viviendas: Total;2021M08;691
Total Nacional;06 Cantabria;39 Cantabria;Viviendas: Total;2021M07;569
Total Nacional;06 Cantabria;39 Cantabria;Viviendas: Total;2021M06;584
Total Nacional;06 Cantabria;39 Cantabria;Viviendas: Total;2021M05;570
Total Nacional;06 Cantabria;39 Cantabria;Viviendas: Total;2021M04;594
Total Nacional;06 Cantabria;39 Cantabria;Viviendas: Total;2021M03;657
Total Nacional;06 Cantabria;39 Cantabria;Viviendas: Total;2021M02;606
Total Nacional;06 Cantabria;39 Cantabria;Viviendas: Total;2021M01;560
Total Nacional;07 Castilla y León;05 Ávila;Viviendas: Total;2021M12;128
Total Nacional;07 Castilla y León;05 Ávila;Viviendas: Total;2021M11;150
Total Nacional;07 Castilla y León;05 Ávila;Viviendas: Total;2021M10;139
Total Nacional;07 Castilla y León;05 Ávila;Viviendas: Total;2021M09;128
Total Nacional;07 Castilla y León;05 Ávila;Viviendas: Total;2021M08;156
Total Nacional;07 Castilla y León;05 Ávila;Viviendas: Total;2021M07;127
Total Nacional;07 Castilla y León;05 Ávila;Viviendas: Total;2021M06;144
Total Nacional;07 Castilla y León;05 Ávila;Viviendas: Total;2021M05;178
Total Nacional;07 Castilla y León;05 Ávila;Viviendas: Total;2021M04;103
Total Nacional;07 Castilla y León;05 Ávila;Viviendas: Total;2021M03;112
Total Nacional;07 Castilla y León;05 Ávila;Viviendas: Total;2021M02;129
Total Nacional;07 Castilla y León;05 Ávila;Viviendas: Total;2021M01;109
Total Nacional;07 Castilla y León;09 Burgos;Viviendas: Total;2021M12;304
Total Nacional;07 Castilla y León;09 Burgos;Viviendas: Total;2021M11;322
Total Nacional;07 Castilla y León;09 Burgos;Viviendas: Total;2021M10;372
Total Nacional;07 Castilla y León;09 Burgos;Viviendas: Total;2021M09;550
Total Nacional;07 Castilla y León;09 Burgos;Viviendas: Total;2021M08;368
Total Nacional;07 Castilla y León;09 Burgos;Viviendas: Total;2021M07;348
Total Nacional;07 Castilla y León;09 Burgos;Viviendas: Total;2021M06;359
Total Nacional;07 Castilla y León;09 Burgos;Viviendas: Total;2021M05;370
Total Nacional;07 Castilla y León;09 Burgos;Viviendas: Total;2021M04;297
Total Nacional;07 Castilla y León;09 Burgos;Viviendas: Total;2021M03;349
Total Nacional;07 Castilla y León;09 Burgos;Viviendas: Total;2021M02;319
Total Nacional;07 Castilla y León;09 Burgos;Viviendas: Total;2021M01;329
Total Nacional;07 Castilla y León;24 León;Viviendas: Total;2021M12;375
Total Nacional;07 Castilla y León;24 León;Viviendas: Total;2021M11;352
Total Nacional;07 Castilla y León;24 León;Viviendas: Total;2021M10;337
Total Nacional;07 Castilla y León;24 León;Viviendas: Total;2021M09;379
Total Nacional;07 Castilla y León;24 León;Viviendas: Total;2021M08;319
Total Nacional;07 Castilla y León;24 León;Viviendas: Total;2021M07;344
Total Nacional;07 Castilla y León;24 León;Viviendas: Total;2021M06;312
Total Nacional;07 Castilla y León;24 León;Viviendas: Total;2021M05;341
Total Nacional;07 Castilla y León;24 León;Viviendas: Total;2021M04;292
Total Nacional;07 Castilla y León;24 León;Viviendas: Total;2021M03;346
Total Nacional;07 Castilla y León;24 León;Viviendas: Total;2021M02;291
Total Nacional;07 Castilla y León;24 León;Viviendas: Total;2021M01;270
Total Nacional;07 Castilla y León;34 Palencia;Viviendas: Total;2021M12;138
Total Nacional;07 Castilla y León;34 Palencia;Viviendas: Total;2021M11;173
Total Nacional;07 Castilla y León;34 Palencia;Viviendas: Total;2021M10;150
Total Nacional;07 Castilla y León;34 Palencia;Viviendas: Total;2021M09;147
Total Nacional;07 Castilla y León;34 Palencia;Viviendas: Total;2021M08;150
Total Nacional;07 Castilla y León;34 Palencia;Viviendas: Total;2021M07;157
Total Nacional;07 Castilla y León;34 Palencia;Viviendas: Total;2021M06;142
Total Nacional;07 Castilla y León;34 Palencia;Viviendas: Total;2021M05;154
Total Nacional;07 Castilla y León;34 Palencia;Viviendas: Total;2021M04;139
Total Nacional;07 Castilla y León;34 Palencia;Viviendas: Total;2021M03;162
Total Nacional;07 Castilla y León;34 Palencia;Viviendas: Total;2021M02;139
Total Nacional;07 Castilla y León;34 Palencia;Viviendas: Total;2021M01;159
Total Nacional;07 Castilla y León;37 Salamanca;Viviendas: Total;2021M12;251
Total Nacional;07 Castilla y León;37 Salamanca;Viviendas: Total;2021M11;317
Total Nacional;07 Castilla y León;37 Salamanca;Viviendas: Total;2021M10;274
Total Nacional;07 Castilla y León;37 Salamanca;Viviendas: Total;2021M09;367
Total Nacional;07 Castilla y León;37 Salamanca;Viviendas: Total;2021M08;287
Total Nacional;07 Castilla y León;37 Salamanca;Viviendas: Total;2021M07;265
Total Nacional;07 Castilla y León;37 Salamanca;Viviendas: Total;2021M06;291
Total Nacional;07 Castilla y León;37 Salamanca;Viviendas: Total;2021M05;245
Total Nacional;07 Castilla y León;37 Salamanca;Viviendas: Total;2021M04;216
Total Nacional;07 Castilla y León;37 Salamanca;Viviendas: Total;2021M03;236
Total Nacional;07 Castilla y León;37 Salamanca;Viviendas: Total;2021M02;238
Total Nacional;07 Castilla y León;37 Salamanca;Viviendas: Total;2021M01;173
Total Nacional;07 Castilla y León;40 Segovia;Viviendas: Total;2021M12;173
Total Nacional;07 Castilla y León;40 Segovia;Viviendas: Total;2021M11;226
Total Nacional;07 Castilla y León;40 Segovia;Viviendas: Total;2021M10;181
Total Nacional;07 Castilla y León;40 Segovia;Viviendas: Total;2021M09;195
Total Nacional;07 Castilla y León;40 Segovia;Viviendas: Total;2021M08;186
Total Nacional;07 Castilla y León;40 Segovia;Viviendas: Total;2021M07;202
Total Nacional;07 Castilla y León;40 Segovia;Viviendas: Total;2021M06;191
Total Nacional;07 Castilla y León;40 Segovia;Viviendas: Total;2021M05;165
Total Nacional;07 Castilla y León;40 Segovia;Viviendas: Total;2021M04;143
Total Nacional;07 Castilla y León;40 Segovia;Viviendas: Total;2021M03;166
Total Nacional;07 Castilla y León;40 Segovia;Viviendas: Total;2021M02;217
Total Nacional;07 Castilla y León;40 Segovia;Viviendas: Total;2021M01;189
Total Nacional;07 Castilla y León;42 Soria;Viviendas: Total;2021M12;94
Total Nacional;07 Castilla y León;42 Soria;Viviendas: Total;2021M11;107
Total Nacional;07 Castilla y León;42 Soria;Viviendas: Total;2021M10;89
Total Nacional;07 Castilla y León;42 Soria;Viviendas: Total;2021M09;117
Total Nacional;07 Castilla y León;42 Soria;Viviendas: Total;2021M08;81
Total Nacional;07 Castilla y León;42 Soria;Viviendas: Total;2021M07;87
Total Nacional;07 Castilla y León;42 Soria;Viviendas: Total;2021M06;68
Total Nacional;07 Castilla y León;42 Soria;Viviendas: Total;2021M05;86
Total Nacional;07 Castilla y León;42 Soria;Viviendas: Total;2021M04;62
Total Nacional;07 Castilla y León;42 Soria;Viviendas: Total;2021M03;76
Total Nacional;07 Castilla y León;42 Soria;Viviendas: Total;2021M02;114
Total Nacional;07 Castilla y León;42 Soria;Viviendas: Total;2021M01;75
Total Nacional;07 Castilla y León;47 Valladolid;Viviendas: Total;2021M12;452
Total Nacional;07 Castilla y León;47 Valladolid;Viviendas: Total;2021M11;564
Total Nacional;07 Castilla y León;47 Valladolid;Viviendas: Total;2021M10;526
Total Nacional;07 Castilla y León;47 Valladolid;Viviendas: Total;2021M09;513
Total Nacional;07 Castilla y León;47 Valladolid;Viviendas: Total;2021M08;524
Total Nacional;07 Castilla y León;47 Valladolid;Viviendas: Total;2021M07;546
Total Nacional;07 Castilla y León;47 Valladolid;Viviendas: Total;2021M06;521
Total Nacional;07 Castilla y León;47 Valladolid;Viviendas: Total;2021M05;415
Total Nacional;07 Castilla y León;47 Valladolid;Viviendas: Total;2021M04;380
Total Nacional;07 Castilla y León;47 Valladolid;Viviendas: Total;2021M03;459
Total Nacional;07 Castilla y León;47 Valladolid;Viviendas: Total;2021M02;396
Total Nacional;07 Castilla y León;47 Valladolid;Viviendas: Total;2021M01;361
Total Nacional;07 Castilla y León;49 Zamora;Viviendas: Total;2021M12;93
Total Nacional;07 Castilla y León;49 Zamora;Viviendas: Total;2021M11;99
Total Nacional;07 Castilla y León;49 Zamora;Viviendas: Total;2021M10;115
Total Nacional;07 Castilla y León;49 Zamora;Viviendas: Total;2021M09;130
Total Nacional;07 Castilla y León;49 Zamora;Viviendas: Total;2021M08;121
Total Nacional;07 Castilla y León;49 Zamora;Viviendas: Total;2021M07;104
Total Nacional;07 Castilla y León;49 Zamora;Viviendas: Total;2021M06;149
Total Nacional;07 Castilla y León;49 Zamora;Viviendas: Total;2021M05;101
Total Nacional;07 Castilla y León;49 Zamora;Viviendas: Total;2021M04;91
Total Nacional;07 Castilla y León;49 Zamora;Viviendas: Total;2021M03;105
Total Nacional;07 Castilla y León;49 Zamora;Viviendas: Total;2021M02;90
Total Nacional;07 Castilla y León;49 Zamora;Viviendas: Total;2021M01;76
Total Nacional;08 Castilla - La Mancha;02 Albacete;Viviendas: Total;2021M12;262
Total Nacional;08 Castilla - La Mancha;02 Albacete;Viviendas: Total;2021M11;263
Total Nacional;08 Castilla - La Mancha;02 Albacete;Viviendas: Total;2021M10;267
Total Nacional;08 Castilla - La Mancha;02 Albacete;Viviendas: Total;2021M09;274
Total Nacional;08 Castilla - La Mancha;02 Albacete;Viviendas: Total;2021M08;320
Total Nacional;08 Castilla - La Mancha;02 Albacete;Viviendas: Total;2021M07;349
Total Nacional;08 Castilla - La Mancha;02 Albacete;Viviendas: Total;2021M06;328
Total Nacional;08 Castilla - La Mancha;02 Albacete;Viviendas: Total;2021M05;287
Total Nacional;08 Castilla - La Mancha;02 Albacete;Viviendas: Total;2021M04;261
Total Nacional;08 Castilla - La Mancha;02 Albacete;Viviendas: Total;2021M03;306
Total Nacional;08 Castilla - La Mancha;02 Albacete;Viviendas: Total;2021M02;293
Total Nacional;08 Castilla - La Mancha;02 Albacete;Viviendas: Total;2021M01;236
Total Nacional;08 Castilla - La Mancha;13 Ciudad Real;Viviendas: Total;2021M12;351
Total Nacional;08 Castilla - La Mancha;13 Ciudad Real;Viviendas: Total;2021M11;354
Total Nacional;08 Castilla - La Mancha;13 Ciudad Real;Viviendas: Total;2021M10;354
Total Nacional;08 Castilla - La Mancha;13 Ciudad Real;Viviendas: Total;2021M09;390
Total Nacional;08 Castilla - La Mancha;13 Ciudad Real;Viviendas: Total;2021M08;373
Total Nacional;08 Castilla - La Mancha;13 Ciudad Real;Viviendas: Total;2021M07;350
Total Nacional;08 Castilla - La Mancha;13 Ciudad Real;Viviendas: Total;2021M06;404
Total Nacional;08 Castilla - La Mancha;13 Ciudad Real;Viviendas: Total;2021M05;344
Total Nacional;08 Castilla - La Mancha;13 Ciudad Real;Viviendas: Total;2021M04;360
Total Nacional;08 Castilla - La Mancha;13 Ciudad Real;Viviendas: Total;2021M03;356
Total Nacional;08 Castilla - La Mancha;13 Ciudad Real;Viviendas: Total;2021M02;349
Total Nacional;08 Castilla - La Mancha;13 Ciudad Real;Viviendas: Total;2021M01;296
Total Nacional;08 Castilla - La Mancha;16 Cuenca;Viviendas: Total;2021M12;140
Total Nacional;08 Castilla - La Mancha;16 Cuenca;Viviendas: Total;2021M11;166
Total Nacional;08 Castilla - La Mancha;16 Cuenca;Viviendas: Total;2021M10;171
Total Nacional;08 Castilla - La Mancha;16 Cuenca;Viviendas: Total;2021M09;157
Total Nacional;08 Castilla - La Mancha;16 Cuenca;Viviendas: Total;2021M08;149
Total Nacional;08 Castilla - La Mancha;16 Cuenca;Viviendas: Total;2021M07;214
Total Nacional;08 Castilla - La Mancha;16 Cuenca;Viviendas: Total;2021M06;165
Total Nacional;08 Castilla - La Mancha;16 Cuenca;Viviendas: Total;2021M05;115
Total Nacional;08 Castilla - La Mancha;16 Cuenca;Viviendas: Total;2021M04;149
Total Nacional;08 Castilla - La Mancha;16 Cuenca;Viviendas: Total;2021M03;152
Total Nacional;08 Castilla - La Mancha;16 Cuenca;Viviendas: Total;2021M02;131
Total Nacional;08 Castilla - La Mancha;16 Cuenca;Viviendas: Total;2021M01;148
Total Nacional;08 Castilla - La Mancha;19 Guadalajara;Viviendas: Total;2021M12;466
Total Nacional;08 Castilla - La Mancha;19 Guadalajara;Viviendas: Total;2021M11;384
Total Nacional;08 Castilla - La Mancha;19 Guadalajara;Viviendas: Total;2021M10;373
Total Nacional;08 Castilla - La Mancha;19 Guadalajara;Viviendas: Total;2021M09;390
Total Nacional;08 Castilla - La Mancha;19 Guadalajara;Viviendas: Total;2021M08;397
Total Nacional;08 Castilla - La Mancha;19 Guadalajara;Viviendas: Total;2021M07;377
Total Nacional;08 Castilla - La Mancha;19 Guadalajara;Viviendas: Total;2021M06;340
Total Nacional;08 Castilla - La Mancha;19 Guadalajara;Viviendas: Total;2021M05;286
Total Nacional;08 Castilla - La Mancha;19 Guadalajara;Viviendas: Total;2021M04;301
Total Nacional;08 Castilla - La Mancha;19 Guadalajara;Viviendas: Total;2021M03;400
Total Nacional;08 Castilla - La Mancha;19 Guadalajara;Viviendas: Total;2021M02;361
Total Nacional;08 Castilla - La Mancha;19 Guadalajara;Viviendas: Total;2021M01;348
Total Nacional;08 Castilla - La Mancha;45 Toledo;Viviendas: Total;2021M12;813
Total Nacional;08 Castilla - La Mancha;45 Toledo;Viviendas: Total;2021M11;816
Total Nacional;08 Castilla - La Mancha;45 Toledo;Viviendas: Total;2021M10;837
Total Nacional;08 Castilla - La Mancha;45 Toledo;Viviendas: Total;2021M09;935
Total Nacional;08 Castilla - La Mancha;45 Toledo;Viviendas: Total;2021M08;753
Total Nacional;08 Castilla - La Mancha;45 Toledo;Viviendas: Total;2021M07;938
Total Nacional;08 Castilla - La Mancha;45 Toledo;Viviendas: Total;2021M06;823
Total Nacional;08 Castilla - La Mancha;45 Toledo;Viviendas: Total;2021M05;742
Total Nacional;08 Castilla - La Mancha;45 Toledo;Viviendas: Total;2021M04;694
Total Nacional;08 Castilla - La Mancha;45 Toledo;Viviendas: Total;2021M03;746
Total Nacional;08 Castilla - La Mancha;45 Toledo;Viviendas: Total;2021M02;643
Total Nacional;08 Castilla - La Mancha;45 Toledo;Viviendas: Total;2021M01;675
Total Nacional;09 Cataluña;08 Barcelona;Viviendas: Total;2021M12;4.831
Total Nacional;09 Cataluña;08 Barcelona;Viviendas: Total;2021M11;4.674
Total Nacional;09 Cataluña;08 Barcelona;Viviendas: Total;2021M10;4.524
Total Nacional;09 Cataluña;08 Barcelona;Viviendas: Total;2021M09;5.466
Total Nacional;09 Cataluña;08 Barcelona;Viviendas: Total;2021M08;4.881
Total Nacional;09 Cataluña;08 Barcelona;Viviendas: Total;2021M07;5.232
Total Nacional;09 Cataluña;08 Barcelona;Viviendas: Total;2021M06;4.827
Total Nacional;09 Cataluña;08 Barcelona;Viviendas: Total;2021M05;5.097
Total Nacional;09 Cataluña;08 Barcelona;Viviendas: Total;2021M04;4.646
Total Nacional;09 Cataluña;08 Barcelona;Viviendas: Total;2021M03;5.599
Total Nacional;09 Cataluña;08 Barcelona;Viviendas: Total;2021M02;4.071
Total Nacional;09 Cataluña;08 Barcelona;Viviendas: Total;2021M01;4.146
Total Nacional;09 Cataluña;17 Girona;Viviendas: Total;2021M12;1.065
Total Nacional;09 Cataluña;17 Girona;Viviendas: Total;2021M11;1.122
Total Nacional;09 Cataluña;17 Girona;Viviendas: Total;2021M10;1.153
Total Nacional;09 Cataluña;17 Girona;Viviendas: Total;2021M09;1.216
Total Nacional;09 Cataluña;17 Girona;Viviendas: Total;2021M08;1.098
Total Nacional;09 Cataluña;17 Girona;Viviendas: Total;2021M07;1.170
Total Nacional;09 Cataluña;17 Girona;Viviendas: Total;2021M06;883
Total Nacional;09 Cataluña;17 Girona;Viviendas: Total;2021M05;1.022
Total Nacional;09 Cataluña;17 Girona;Viviendas: Total;2021M04;855
Total Nacional;09 Cataluña;17 Girona;Viviendas: Total;2021M03;1.005
Total Nacional;09 Cataluña;17 Girona;Viviendas: Total;2021M02;1.020
Total Nacional;09 Cataluña;17 Girona;Viviendas: Total;2021M01;923
Total Nacional;09 Cataluña;25 Lleida;Viviendas: Total;2021M12;477
Total Nacional;09 Cataluña;25 Lleida;Viviendas: Total;2021M11;460
Total Nacional;09 Cataluña;25 Lleida;Viviendas: Total;2021M10;396
Total Nacional;09 Cataluña;25 Lleida;Viviendas: Total;2021M09;401
Total Nacional;09 Cataluña;25 Lleida;Viviendas: Total;2021M08;374
Total Nacional;09 Cataluña;25 Lleida;Viviendas: Total;2021M07;390
Total Nacional;09 Cataluña;25 Lleida;Viviendas: Total;2021M06;379
Total Nacional;09 Cataluña;25 Lleida;Viviendas: Total;2021M05;404
Total Nacional;09 Cataluña;25 Lleida;Viviendas: Total;2021M04;370
Total Nacional;09 Cataluña;25 Lleida;Viviendas: Total;2021M03;469
Total Nacional;09 Cataluña;25 Lleida;Viviendas: Total;2021M02;516
Total Nacional;09 Cataluña;25 Lleida;Viviendas: Total;2021M01;423
Total Nacional;09 Cataluña;43 Tarragona;Viviendas: Total;2021M12;1.242
Total Nacional;09 Cataluña;43 Tarragona;Viviendas: Total;2021M11;1.155
Total Nacional;09 Cataluña;43 Tarragona;Viviendas: Total;2021M10;1.058
Total Nacional;09 Cataluña;43 Tarragona;Viviendas: Total;2021M09;1.268
Total Nacional;09 Cataluña;43 Tarragona;Viviendas: Total;2021M08;1.377
Total Nacional;09 Cataluña;43 Tarragona;Viviendas: Total;2021M07;1.119
Total Nacional;09 Cataluña;43 Tarragona;Viviendas: Total;2021M06;1.176
Total Nacional;09 Cataluña;43 Tarragona;Viviendas: Total;2021M05;1.179
Total Nacional;09 Cataluña;43 Tarragona;Viviendas: Total;2021M04;1.073
Total Nacional;09 Cataluña;43 Tarragona;Viviendas: Total;2021M03;1.104
Total Nacional;09 Cataluña;43 Tarragona;Viviendas: Total;2021M02;875
Total Nacional;09 Cataluña;43 Tarragona;Viviendas: Total;2021M01;964
Total Nacional;10 Comunitat Valenciana;03 Alicante/Alacant;Viviendas: Total;2021M12;3.419
Total Nacional;10 Comunitat Valenciana;03 Alicante/Alacant;Viviendas: Total;2021M11;3.460
Total Nacional;10 Comunitat Valenciana;03 Alicante/Alacant;Viviendas: Total;2021M10;3.318
Total Nacional;10 Comunitat Valenciana;03 Alicante/Alacant;Viviendas: Total;2021M09;3.432
Total Nacional;10 Comunitat Valenciana;03 Alicante/Alacant;Viviendas: Total;2021M08;3.496
Total Nacional;10 Comunitat Valenciana;03 Alicante/Alacant;Viviendas: Total;2021M07;3.132
Total Nacional;10 Comunitat Valenciana;03 Alicante/Alacant;Viviendas: Total;2021M06;2.942
Total Nacional;10 Comunitat Valenciana;03 Alicante/Alacant;Viviendas: Total;2021M05;2.913
Total Nacional;10 Comunitat Valenciana;03 Alicante/Alacant;Viviendas: Total;2021M04;2.458
Total Nacional;10 Comunitat Valenciana;03 Alicante/Alacant;Viviendas: Total;2021M03;2.648
Total Nacional;10 Comunitat Valenciana;03 Alicante/Alacant;Viviendas: Total;2021M02;2.655
Total Nacional;10 Comunitat Valenciana;03 Alicante/Alacant;Viviendas: Total;2021M01;2.583
Total Nacional;10 Comunitat Valenciana;12 Castellón/Castelló;Viviendas: Total;2021M12;886
Total Nacional;10 Comunitat Valenciana;12 Castellón/Castelló;Viviendas: Total;2021M11;927
Total Nacional;10 Comunitat Valenciana;12 Castellón/Castelló;Viviendas: Total;2021M10;801
Total Nacional;10 Comunitat Valenciana;12 Castellón/Castelló;Viviendas: Total;2021M09;1.003
Total Nacional;10 Comunitat Valenciana;12 Castellón/Castelló;Viviendas: Total;2021M08;1.043
Total Nacional;10 Comunitat Valenciana;12 Castellón/Castelló;Viviendas: Total;2021M07;1.042
Total Nacional;10 Comunitat Valenciana;12 Castellón/Castelló;Viviendas: Total;2021M06;787
Total Nacional;10 Comunitat Valenciana;12 Castellón/Castelló;Viviendas: Total;2021M05;735
Total Nacional;10 Comunitat Valenciana;12 Castellón/Castelló;Viviendas: Total;2021M04;642
Total Nacional;10 Comunitat Valenciana;12 Castellón/Castelló;Viviendas: Total;2021M03;796
Total Nacional;10 Comunitat Valenciana;12 Castellón/Castelló;Viviendas: Total;2021M02;716
Total Nacional;10 Comunitat Valenciana;12 Castellón/Castelló;Viviendas: Total;2021M01;674
Total Nacional;10 Comunitat Valenciana;46 Valencia/València;Viviendas: Total;2021M12;2.813
Total Nacional;10 Comunitat Valenciana;46 Valencia/València;Viviendas: Total;2021M11;2.930
Total Nacional;10 Comunitat Valenciana;46 Valencia/València;Viviendas: Total;2021M10;2.867
Total Nacional;10 Comunitat Valenciana;46 Valencia/València;Viviendas: Total;2021M09;3.336
Total Nacional;10 Comunitat Valenciana;46 Valencia/València;Viviendas: Total;2021M08;2.770
Total Nacional;10 Comunitat Valenciana;46 Valencia/València;Viviendas: Total;2021M07;3.117
Total Nacional;10 Comunitat Valenciana;46 Valencia/València;Viviendas: Total;2021M06;3.018
Total Nacional;10 Comunitat Valenciana;46 Valencia/València;Viviendas: Total;2021M05;3.044
Total Nacional;10 Comunitat Valenciana;46 Valencia/València;Viviendas: Total;2021M04;2.387
Total Nacional;10 Comunitat Valenciana;46 Valencia/València;Viviendas: Total;2021M03;2.670
Total Nacional;10 Comunitat Valenciana;46 Valencia/València;Viviendas: Total;2021M02;2.519
Total Nacional;10 Comunitat Valenciana;46 Valencia/València;Viviendas: Total;2021M01;2.290
Total Nacional;11 Extremadura;06 Badajoz;Viviendas: Total;2021M12;522
Total Nacional;11 Extremadura;06 Badajoz;Viviendas: Total;2021M11;544
Total Nacional;11 Extremadura;06 Badajoz;Viviendas: Total;2021M10;489
Total Nacional;11 Extremadura;06 Badajoz;Viviendas: Total;2021M09;549
Total Nacional;11 Extremadura;06 Badajoz;Viviendas: Total;2021M08;536
Total Nacional;11 Extremadura;06 Badajoz;Viviendas: Total;2021M07;426
Total Nacional;11 Extremadura;06 Badajoz;Viviendas: Total;2021M06;494
Total Nacional;11 Extremadura;06 Badajoz;Viviendas: Total;2021M05;483
Total Nacional;11 Extremadura;06 Badajoz;Viviendas: Total;2021M04;499
Total Nacional;11 Extremadura;06 Badajoz;Viviendas: Total;2021M03;503
Total Nacional;11 Extremadura;06 Badajoz;Viviendas: Total;2021M02;477
Total Nacional;11 Extremadura;06 Badajoz;Viviendas: Total;2021M01;496
Total Nacional;11 Extremadura;10 Cáceres;Viviendas: Total;2021M12;259
Total Nacional;11 Extremadura;10 Cáceres;Viviendas: Total;2021M11;300
Total Nacional;11 Extremadura;10 Cáceres;Viviendas: Total;2021M10;257
Total Nacional;11 Extremadura;10 Cáceres;Viviendas: Total;2021M09;270
Total Nacional;11 Extremadura;10 Cáceres;Viviendas: Total;2021M08;274
Total Nacional;11 Extremadura;10 Cáceres;Viviendas: Total;2021M07;272
Total Nacional;11 Extremadura;10 Cáceres;Viviendas: Total;2021M06;298
Total Nacional;11 Extremadura;10 Cáceres;Viviendas: Total;2021M05;329
Total Nacional;11 Extremadura;10 Cáceres;Viviendas: Total;2021M04;286
Total Nacional;11 Extremadura;10 Cáceres;Viviendas: Total;2021M03;309
Total Nacional;11 Extremadura;10 Cáceres;Viviendas: Total;2021M02;238
Total Nacional;11 Extremadura;10 Cáceres;Viviendas: Total;2021M01;254
Total Nacional;12 Galicia;15 Coruña, A;Viviendas: Total;2021M12;803
Total Nacional;12 Galicia;15 Coruña, A;Viviendas: Total;2021M11;804
Total Nacional;12 Galicia;15 Coruña, A;Viviendas: Total;2021M10;830
Total Nacional;12 Galicia;15 Coruña, A;Viviendas: Total;2021M09;866
Total Nacional;12 Galicia;15 Coruña, A;Viviendas: Total;2021M08;781
Total Nacional;12 Galicia;15 Coruña, A;Viviendas: Total;2021M07;839
Total Nacional;12 Galicia;15 Coruña, A;Viviendas: Total;2021M06;724
Total Nacional;12 Galicia;15 Coruña, A;Viviendas: Total;2021M05;662
Total Nacional;12 Galicia;15 Coruña, A;Viviendas: Total;2021M04;741
Total Nacional;12 Galicia;15 Coruña, A;Viviendas: Total;2021M03;845
Total Nacional;12 Galicia;15 Coruña, A;Viviendas: Total;2021M02;736
Total Nacional;12 Galicia;15 Coruña, A;Viviendas: Total;2021M01;689
Total Nacional;12 Galicia;27 Lugo;Viviendas: Total;2021M12;209
Total Nacional;12 Galicia;27 Lugo;Viviendas: Total;2021M11;237
Total Nacional;12 Galicia;27 Lugo;Viviendas: Total;2021M10;225
Total Nacional;12 Galicia;27 Lugo;Viviendas: Total;2021M09;227
Total Nacional;12 Galicia;27 Lugo;Viviendas: Total;2021M08;214
Total Nacional;12 Galicia;27 Lugo;Viviendas: Total;2021M07;210
Total Nacional;12 Galicia;27 Lugo;Viviendas: Total;2021M06;163
Total Nacional;12 Galicia;27 Lugo;Viviendas: Total;2021M05;209
Total Nacional;12 Galicia;27 Lugo;Viviendas: Total;2021M04;163
Total Nacional;12 Galicia;27 Lugo;Viviendas: Total;2021M03;188
Total Nacional;12 Galicia;27 Lugo;Viviendas: Total;2021M02;192
Total Nacional;12 Galicia;27 Lugo;Viviendas: Total;2021M01;183
Total Nacional;12 Galicia;32 Ourense;Viviendas: Total;2021M12;132
Total Nacional;12 Galicia;32 Ourense;Viviendas: Total;2021M11;138
Total Nacional;12 Galicia;32 Ourense;Viviendas: Total;2021M10;136
Total Nacional;12 Galicia;32 Ourense;Viviendas: Total;2021M09;124
Total Nacional;12 Galicia;32 Ourense;Viviendas: Total;2021M08;147
Total Nacional;12 Galicia;32 Ourense;Viviendas: Total;2021M07;144
Total Nacional;12 Galicia;32 Ourense;Viviendas: Total;2021M06;138
Total Nacional;12 Galicia;32 Ourense;Viviendas: Total;2021M05;128
Total Nacional;12 Galicia;32 Ourense;Viviendas: Total;2021M04;141
Total Nacional;12 Galicia;32 Ourense;Viviendas: Total;2021M03;147
Total Nacional;12 Galicia;32 Ourense;Viviendas: Total;2021M02;145
Total Nacional;12 Galicia;32 Ourense;Viviendas: Total;2021M01;138
Total Nacional;12 Galicia;36 Pontevedra;Viviendas: Total;2021M12;603
Total Nacional;12 Galicia;36 Pontevedra;Viviendas: Total;2021M11;549
Total Nacional;12 Galicia;36 Pontevedra;Viviendas: Total;2021M10;483
Total Nacional;12 Galicia;36 Pontevedra;Viviendas: Total;2021M09;573
Total Nacional;12 Galicia;36 Pontevedra;Viviendas: Total;2021M08;605
Total Nacional;12 Galicia;36 Pontevedra;Viviendas: Total;2021M07;570
Total Nacional;12 Galicia;36 Pontevedra;Viviendas: Total;2021M06;534
Total Nacional;12 Galicia;36 Pontevedra;Viviendas: Total;2021M05;478
Total Nacional;12 Galicia;36 Pontevedra;Viviendas: Total;2021M04;512
Total Nacional;12 Galicia;36 Pontevedra;Viviendas: Total;2021M03;563
Total Nacional;12 Galicia;36 Pontevedra;Viviendas: Total;2021M02;534
Total Nacional;12 Galicia;36 Pontevedra;Viviendas: Total;2021M01;413
Total Nacional;13 Madrid, Comunidad de;28 Madrid;Viviendas: Total;2021M12;6.224
Total Nacional;13 Madrid, Comunidad de;28 Madrid;Viviendas: Total;2021M11;6.180
Total Nacional;13 Madrid, Comunidad de;28 Madrid;Viviendas: Total;2021M10;6.337
Total Nacional;13 Madrid, Comunidad de;28 Madrid;Viviendas: Total;2021M09;7.254
Total Nacional;13 Madrid, Comunidad de;28 Madrid;Viviendas: Total;2021M08;7.386
Total Nacional;13 Madrid, Comunidad de;28 Madrid;Viviendas: Total;2021M07;7.229
Total Nacional;13 Madrid, Comunidad de;28 Madrid;Viviendas: Total;2021M06;7.863
Total Nacional;13 Madrid, Comunidad de;28 Madrid;Viviendas: Total;2021M05;6.529
Total Nacional;13 Madrid, Comunidad de;28 Madrid;Viviendas: Total;2021M04;6.443
Total Nacional;13 Madrid, Comunidad de;28 Madrid;Viviendas: Total;2021M03;7.483
Total Nacional;13 Madrid, Comunidad de;28 Madrid;Viviendas: Total;2021M02;6.656
Total Nacional;13 Madrid, Comunidad de;28 Madrid;Viviendas: Total;2021M01;5.352
Total Nacional;14 Murcia, Región de;30 Murcia;Viviendas: Total;2021M12;1.505
Total Nacional;14 Murcia, Región de;30 Murcia;Viviendas: Total;2021M11;1.891
Total Nacional;14 Murcia, Región de;30 Murcia;Viviendas: Total;2021M10;1.670
Total Nacional;14 Murcia, Región de;30 Murcia;Viviendas: Total;2021M09;1.928
Total Nacional;14 Murcia, Región de;30 Murcia;Viviendas: Total;2021M08;1.672
Total Nacional;14 Murcia, Región de;30 Murcia;Viviendas: Total;2021M07;1.658
Total Nacional;14 Murcia, Región de;30 Murcia;Viviendas: Total;2021M06;1.651
Total Nacional;14 Murcia, Región de;30 Murcia;Viviendas: Total;2021M05;1.764
Total Nacional;14 Murcia, Región de;30 Murcia;Viviendas: Total;2021M04;1.488
Total Nacional;14 Murcia, Región de;30 Murcia;Viviendas: Total;2021M03;1.600
Total Nacional;14 Murcia, Región de;30 Murcia;Viviendas: Total;2021M02;1.641
Total Nacional;14 Murcia, Región de;30 Murcia;Viviendas: Total;2021M01;1.317
Total Nacional;15 Navarra, Comunidad Foral de;31 Navarra;Viviendas: Total;2021M12;424
Total Nacional;15 Navarra, Comunidad Foral de;31 Navarra;Viviendas: Total;2021M11;452
Total Nacional;15 Navarra, Comunidad Foral de;31 Navarra;Viviendas: Total;2021M10;556
Total Nacional;15 Navarra, Comunidad Foral de;31 Navarra;Viviendas: Total;2021M09;725
Total Nacional;15 Navarra, Comunidad Foral de;31 Navarra;Viviendas: Total;2021M08;572
Total Nacional;15 Navarra, Comunidad Foral de;31 Navarra;Viviendas: Total;2021M07;560
Total Nacional;15 Navarra, Comunidad Foral de;31 Navarra;Viviendas: Total;2021M06;479
Total Nacional;15 Navarra, Comunidad Foral de;31 Navarra;Viviendas: Total;2021M05;557
Total Nacional;15 Navarra, Comunidad Foral de;31 Navarra;Viviendas: Total;2021M04;511
Total Nacional;15 Navarra, Comunidad Foral de;31 Navarra;Viviendas: Total;2021M03;590
Total Nacional;15 Navarra, Comunidad Foral de;31 Navarra;Viviendas: Total;2021M02;539
Total Nacional;15 Navarra, Comunidad Foral de;31 Navarra;Viviendas: Total;2021M01;584
Total Nacional;16 País Vasco;01 Araba/Álava;Viviendas: Total;2021M12;301
Total Nacional;16 País Vasco;01 Araba/Álava;Viviendas: Total;2021M11;316
Total Nacional;16 País Vasco;01 Araba/Álava;Viviendas: Total;2021M10;225
Total Nacional;16 País Vasco;01 Araba/Álava;Viviendas: Total;2021M09;306
Total Nacional;16 País Vasco;01 Araba/Álava;Viviendas: Total;2021M08;259
Total Nacional;16 País Vasco;01 Araba/Álava;Viviendas: Total;2021M07;277
Total Nacional;16 País Vasco;01 Araba/Álava;Viviendas: Total;2021M06;345
Total Nacional;16 País Vasco;01 Araba/Álava;Viviendas: Total;2021M05;330
Total Nacional;16 País Vasco;01 Araba/Álava;Viviendas: Total;2021M04;258
Total Nacional;16 País Vasco;01 Araba/Álava;Viviendas: Total;2021M03;296
Total Nacional;16 País Vasco;01 Araba/Álava;Viviendas: Total;2021M02;304
Total Nacional;16 País Vasco;01 Araba/Álava;Viviendas: Total;2021M01;266
Total Nacional;16 País Vasco;48 Bizkaia;Viviendas: Total;2021M12;830
Total Nacional;16 País Vasco;48 Bizkaia;Viviendas: Total;2021M11;885
Total Nacional;16 País Vasco;48 Bizkaia;Viviendas: Total;2021M10;707
Total Nacional;16 País Vasco;48 Bizkaia;Viviendas: Total;2021M09;990
Total Nacional;16 País Vasco;48 Bizkaia;Viviendas: Total;2021M08;896
Total Nacional;16 País Vasco;48 Bizkaia;Viviendas: Total;2021M07;986
Total Nacional;16 País Vasco;48 Bizkaia;Viviendas: Total;2021M06;1.134
Total Nacional;16 País Vasco;48 Bizkaia;Viviendas: Total;2021M05;979
Total Nacional;16 País Vasco;48 Bizkaia;Viviendas: Total;2021M04;888
Total Nacional;16 País Vasco;48 Bizkaia;Viviendas: Total;2021M03;986
Total Nacional;16 País Vasco;48 Bizkaia;Viviendas: Total;2021M02;933
Total Nacional;16 País Vasco;48 Bizkaia;Viviendas: Total;2021M01;922
Total Nacional;16 País Vasco;20 Gipuzkoa;Viviendas: Total;2021M12;494
Total Nacional;16 País Vasco;20 Gipuzkoa;Viviendas: Total;2021M11;561
Total Nacional;16 País Vasco;20 Gipuzkoa;Viviendas: Total;2021M10;452
Total Nacional;16 País Vasco;20 Gipuzkoa;Viviendas: Total;2021M09;710
Total Nacional;16 País Vasco;20 Gipuzkoa;Viviendas: Total;2021M08;548
Total Nacional;16 País Vasco;20 Gipuzkoa;Viviendas: Total;2021M07;535
Total Nacional;16 País Vasco;20 Gipuzkoa;Viviendas: Total;2021M06;599
Total Nacional;16 País Vasco;20 Gipuzkoa;Viviendas: Total;2021M05;654
Total Nacional;16 País Vasco;20 Gipuzkoa;Viviendas: Total;2021M04;632
Total Nacional;16 País Vasco;20 Gipuzkoa;Viviendas: Total;2021M03;642
Total Nacional;16 País Vasco;20 Gipuzkoa;Viviendas: Total;2021M02;716
Total Nacional;16 País Vasco;20 Gipuzkoa;Viviendas: Total;2021M01;522
Total Nacional;17 Rioja, La;26 Rioja, La;Viviendas: Total;2021M12;349
Total Nacional;17 Rioja, La;26 Rioja, La;Viviendas: Total;2021M11;415
Total Nacional;17 Rioja, La;26 Rioja, La;Viviendas: Total;2021M10;405
Total Nacional;17 Rioja, La;26 Rioja, La;Viviendas: Total;2021M09;389
Total Nacional;17 Rioja, La;26 Rioja, La;Viviendas: Total;2021M08;418
Total Nacional;17 Rioja, La;26 Rioja, La;Viviendas: Total;2021M07;410
Total Nacional;17 Rioja, La;26 Rioja, La;Viviendas: Total;2021M06;326
Total Nacional;17 Rioja, La;26 Rioja, La;Viviendas: Total;2021M05;356
Total Nacional;17 Rioja, La;26 Rioja, La;Viviendas: Total;2021M04;352
Total Nacional;17 Rioja, La;26 Rioja, La;Viviendas: Total;2021M03;378
Total Nacional;17 Rioja, La;26 Rioja, La;Viviendas: Total;2021M02;341
Total Nacional;17 Rioja, La;26 Rioja, La;Viviendas: Total;2021M01;294
Total Nacional;18 Ceuta;51 Ceuta;Viviendas: Total;2021M12;16
Total Nacional;18 Ceuta;51 Ceuta;Viviendas: Total;2021M11;100
Total Nacional;18 Ceuta;51 Ceuta;Viviendas: Total;2021M10;9
Total Nacional;18 Ceuta;51 Ceuta;Viviendas: Total;2021M09;2
Total Nacional;18 Ceuta;51 Ceuta;Viviendas: Total;2021M08;7
Total Nacional;18 Ceuta;51 Ceuta;Viviendas: Total;2021M07;3
Total Nacional;18 Ceuta;51 Ceuta;Viviendas: Total;2021M06;22
Total Nacional;18 Ceuta;51 Ceuta;Viviendas: Total;2021M05;37
Total Nacional;18 Ceuta;51 Ceuta;Viviendas: Total;2021M04;40
Total Nacional;18 Ceuta;51 Ceuta;Viviendas: Total;2021M03;23
Total Nacional;18 Ceuta;51 Ceuta;Viviendas: Total;2021M02;42
Total Nacional;18 Ceuta;51 Ceuta;Viviendas: Total;2021M01;7
Total Nacional;19 Melilla;52 Melilla;Viviendas: Total;2021M12;47
Total Nacional;19 Melilla;52 Melilla;Viviendas: Total;2021M11;63
Total Nacional;19 Melilla;52 Melilla;Viviendas: Total;2021M10;56
Total Nacional;19 Melilla;52 Melilla;Viviendas: Total;2021M09;83
Total Nacional;19 Melilla;52 Melilla;Viviendas: Total;2021M08;45
Total Nacional;19 Melilla;52 Melilla;Viviendas: Total;2021M07;64
Total Nacional;19 Melilla;52 Melilla;Viviendas: Total;2021M06;49
Total Nacional;19 Melilla;52 Melilla;Viviendas: Total;2021M05;62
Total Nacional;19 Melilla;52 Melilla;Viviendas: Total;2021M04;66
Total Nacional;19 Melilla;52 Melilla;Viviendas: Total;2021M03;44
Total Nacional;19 Melilla;52 Melilla;Viviendas: Total;2021M02;79
Total Nacional;19 Melilla;52 Melilla;Viviendas: Total;2021M01;56
